{"cameraMode":{"drawMode":0,"name":"Shaded","section":"Shading Mode"},"sceneLighting":true,"audioPlay":false,"sceneViewState":{"m_AlwaysRefresh":false,"showFog":true,"showSkybox":true,"showFlares":true,"showImageEffects":true,"showParticleSystems":true,"showVisualEffectGraphs":true,"m_FxEnabled":true},"in2DMode":false,"pivot":{"x":28.033872604370118,"y":-3.3332977294921877,"z":-9.367654800415039},"rotation":{"x":-0.06702782958745957,"y":-0.8961694240570068,"z":0.14424185454845429,"w":-0.4155517816543579},"size":12.390053749084473,"orthographic":false}