{"cameraMode":{"drawMode":0,"name":"Shaded","section":"Shading Mode"},"sceneLighting":true,"audioPlay":false,"sceneViewState":{"m_AlwaysRefresh":false,"showFog":true,"showSkybox":true,"showFlares":true,"showImageEffects":true,"showParticleSystems":true,"showVisualEffectGraphs":true,"m_FxEnabled":true},"in2DMode":false,"pivot":{"x":10.005003929138184,"y":2.851496696472168,"z":-24.49007225036621},"rotation":{"x":-0.0023336601443588735,"y":-0.9992964863777161,"z":0.04277550429105759,"w":-0.030074995011091234},"size":12.390053749084473,"orthographic":false}